season_year,iso_week,defense_team,opponent_team,position,points_allowed
2024,1,ARI,SF,QB,24.540000000000003
2024,1,ARI,SF,RB,13.4
2024,1,ARI,SF,WR/TE,58.1
2024,1,ATL,CAR,QB,53.839999999999996
2024,1,ATL,CAR,RB,31.9
2024,1,ATL,CAR,WR/TE,53.36
2024,1,BAL,CLE,QB,7.82
2024,1,BAL,CLE,RB,8.4
2024,1,BAL,CLE,WR/TE,30.0
2024,1,BUF,NE,QB,19.24
2024,1,BUF,NE,RB,10.1
2024,1,BUF,NE,WR/TE,37.1
2024,1,CAR,ATL,QB,24.98
2024,1,CAR,ATL,RB,68.5
2024,1,CAR,ATL,WR/TE,49.7
2024,1,CHI,GB,QB,5.74
2024,1,CHI,GB,RB,30.6
2024,1,CHI,GB,WR/TE,24.0
2024,1,CIN,PIT,QB,11.56
2024,1,CIN,PIT,RB,29.3
2024,1,CIN,PIT,WR/TE,28.400000000000002
2024,1,CLE,BAL,QB,23.38
2024,1,CLE,BAL,RB,29.099999999999998
2024,1,CLE,BAL,WR/TE,40.300000000000004
2024,1,DAL,WAS,QB,36.36
2024,1,DAL,WAS,RB,8.4
2024,1,DAL,WAS,WR/TE,39.1
2024,1,DEN,KC,QB,9.719999999999999
2024,1,DEN,KC,RB,4.0
2024,1,DEN,KC,WR/TE,13.299999999999999
2024,1,DET,MIN,QB,7.64
2024,1,DET,MIN,RB,25.8
2024,1,DET,MIN,WR/TE,25.6
2024,1,DET,SF,QB,38.46
2024,1,DET,SF,RB,11.9
2024,1,DET,SF,WR/TE,68.1
2024,1,GB,CHI,QB,29.08
2024,1,GB,CHI,RB,16.9
2024,1,GB,CHI,WR/TE,42.1
2024,1,HOU,TEN,QB,13.100000000000001
2024,1,HOU,TEN,RB,7.5
2024,1,HOU,TEN,WR/TE,38.2
2024,1,IND,JAX,QB,12.46
2024,1,IND,JAX,RB,21.5
2024,1,IND,JAX,WR/TE,52.96
2024,1,JAX,IND,QB,14.56
2024,1,JAX,IND,RB,51.0
2024,1,JAX,IND,WR/TE,41.1
2024,1,KC,DEN,QB,42.64
2024,1,KC,DEN,RB,25.400000000000002
2024,1,KC,DEN,WR/TE,70.3
2024,1,LA,SEA,QB,26.32
2024,1,LA,SEA,RB,14.0
2024,1,LA,SEA,WR/TE,53.5
2024,1,LAC,LV,QB,16.3
2024,1,LAC,LV,RB,5.8
2024,1,LAC,LV,WR/TE,43.8
2024,1,LV,LAC,QB,26.04
2024,1,LV,LAC,RB,18.299999999999997
2024,1,LV,LAC,WR/TE,57.8
2024,1,MIA,NYJ,QB,28.26
2024,1,MIA,NYJ,RB,24.599999999999998
2024,1,MIA,NYJ,WR/TE,70.4
2024,1,MIN,DET,QB,9.24
2024,1,MIN,DET,RB,53.8
2024,1,MIN,DET,WR/TE,31.0
2024,1,NE,BUF,QB,10.48
2024,1,NE,BUF,RB,22.7
2024,1,NE,BUF,WR/TE,23.3
2024,1,NO,TB,QB,21.64
2024,1,NO,TB,RB,17.3
2024,1,NO,TB,WR/TE,44.7
2024,1,NYG,PHI,QB,18.86
2024,1,NYG,PHI,RB,15.899999999999999
2024,1,NYG,PHI,WR/TE,45.4
2024,1,NYJ,MIA,QB,8.76
2024,1,NYJ,MIA,RB,20.300000000000004
2024,1,NYJ,MIA,WR/TE,39.6
2024,1,PHI,NYG,QB,7.52
2024,1,PHI,NYG,RB,10.600000000000001
2024,1,PHI,NYG,WR/TE,29.700000000000003
2024,1,PIT,CIN,QB,12.98
2024,1,PIT,CIN,RB,23.6
2024,1,PIT,CIN,WR/TE,47.300000000000004
2024,1,SEA,LA,QB,19.86
2024,1,SEA,LA,RB,13.5
2024,1,SEA,LA,WR/TE,64.8
2024,1,SF,ARI,QB,28.08
2024,1,SF,ARI,RB,26.4
2024,1,SF,ARI,WR/TE,68.3
2024,1,SF,DET,QB,22.18
2024,1,SF,DET,RB,50.9
2024,1,SF,DET,WR/TE,51.5
2024,1,TB,NO,QB,25.7
2024,1,TB,NO,RB,11.2
2024,1,TB,NO,WR/TE,43.699999999999996
2024,1,TEN,HOU,QB,12.219999999999999
2024,1,TEN,HOU,RB,28.9
2024,1,TEN,HOU,WR/TE,31.700000000000003
2024,1,WAS,DAL,QB,12.36
2024,1,WAS,DAL,RB,19.1
2024,1,WAS,DAL,WR/TE,37.1
2024,36,ARI,BUF,QB,31.18
2024,36,ARI,BUF,RB,16.5
2024,36,ARI,BUF,WR/TE,40.599999999999994
2024,36,ATL,PIT,QB,11.96
2024,36,ATL,PIT,RB,21.1
2024,36,ATL,PIT,WR/TE,20.200000000000003
2024,36,BAL,KC,QB,14.64
2024,36,BAL,KC,RB,15.100000000000001
2024,36,BAL,KC,WR/TE,48.2
2024,36,BUF,ARI,QB,14.18
2024,36,BUF,ARI,RB,21.7
2024,36,BUF,ARI,WR/TE,23.7
2024,36,CAR,NO,QB,31.3
2024,36,CAR,NO,RB,35.9
2024,36,CAR,NO,WR/TE,55.2
2024,36,CHI,TEN,QB,9.28
2024,36,CHI,TEN,RB,22.099999999999998
2024,36,CHI,TEN,WR/TE,23.8
2024,36,CIN,NE,QB,8.04
2024,36,CIN,NE,RB,21.9
2024,36,CIN,NE,WR/TE,17.5
2024,36,CLE,DAL,QB,11.360000000000001
2024,36,CLE,DAL,RB,16.0
2024,36,CLE,DAL,WR/TE,36.9
2024,36,DAL,CLE,QB,10.66
2024,36,DAL,CLE,RB,19.900000000000002
2024,36,DAL,CLE,WR/TE,29.0
2024,36,DEN,SEA,QB,17.84
2024,36,DEN,SEA,RB,29.1
2024,36,DEN,SEA,WR/TE,20.7
2024,36,DET,LA,QB,14.68
2024,36,DET,LA,RB,14.5
2024,36,DET,LA,WR/TE,64.9
2024,36,GB,PHI,QB,16.42
2024,36,GB,PHI,RB,33.900000000000006
2024,36,GB,PHI,WR/TE,39.0
2024,36,HOU,IND,QB,26.08
2024,36,HOU,IND,RB,21.6
2024,36,HOU,IND,WR/TE,37.7
2024,36,IND,HOU,QB,18.66
2024,36,IND,HOU,RB,26.900000000000002
2024,36,IND,HOU,WR/TE,46.699999999999996
2024,36,JAX,MIA,QB,18.62
2024,36,JAX,MIA,RB,47.5
2024,36,JAX,MIA,WR/TE,43.0
2024,36,KC,BAL,QB,25.12
2024,36,KC,BAL,RB,10.6
2024,36,KC,BAL,WR/TE,56.5
2024,36,LA,DET,QB,33.28
2024,36,LA,DET,RB,53.1
2024,36,LA,DET,WR/TE,33.1
2024,36,LAC,LV,QB,10.78
2024,36,LAC,LV,RB,18.799999999999997
2024,36,LAC,LV,WR/TE,39.4
2024,36,LV,LAC,QB,10.36
2024,36,LV,LAC,RB,24.7
2024,36,LV,LAC,WR/TE,27.2
2024,36,MIA,JAX,QB,11.28
2024,36,MIA,JAX,RB,18.2
2024,36,MIA,JAX,WR/TE,26.0
2024,36,MIN,NYG,QB,4.94
2024,36,MIN,NYG,RB,9.2
2024,36,MIN,NYG,WR/TE,29.4
2024,36,NE,CIN,QB,8.06
2024,36,NE,CIN,RB,16.9
2024,36,NE,CIN,WR/TE,19.5
2024,36,NO,CAR,QB,13.84
2024,36,NO,CAR,RB,5.4
2024,36,NO,CAR,WR/TE,26.099999999999998
2024,36,NYG,MIN,QB,14.62
2024,36,NYG,MIN,RB,23.599999999999998
2024,36,NYG,MIN,WR/TE,47.4
2024,36,PHI,GB,QB,16.4
2024,36,PHI,GB,RB,17.2
2024,36,PHI,GB,WR/TE,51.6
2024,36,PIT,ATL,QB,4.2
2024,36,PIT,ATL,RB,29.3
2024,36,PIT,ATL,WR/TE,22.700000000000003
2024,36,SEA,DEN,QB,11.860000000000001
2024,36,SEA,DEN,RB,9.7
2024,36,SEA,DEN,WR/TE,33.5
2024,36,TB,WAS,QB,30.28
2024,36,TB,WAS,RB,42.8
2024,36,TB,WAS,WR/TE,13.5
2024,36,TEN,CHI,QB,20.02
2024,36,TEN,CHI,RB,7.199999999999999
2024,36,TEN,CHI,WR/TE,23.900000000000002
2024,36,WAS,TB,QB,29.82
2024,36,WAS,TB,RB,22.2
2024,36,WAS,TB,WR/TE,52.9
2024,37,ARI,LA,QB,6.64
2024,37,ARI,LA,RB,16.5
2024,37,ARI,LA,WR/TE,28.9
2024,37,BAL,LV,QB,12.94
2024,37,BAL,LV,RB,12.6
2024,37,BAL,LV,WR/TE,66.3
2024,37,BUF,MIA,QB,9.1
2024,37,BUF,MIA,RB,33.7
2024,37,BUF,MIA,WR/TE,26.4
2024,37,CAR,LAC,QB,11.0
2024,37,CAR,LAC,RB,26.6
2024,37,CAR,LAC,WR/TE,31.5
2024,37,CHI,HOU,QB,14.3
2024,37,CHI,HOU,RB,10.5
2024,37,CHI,HOU,WR/TE,40.6
2024,37,CIN,KC,QB,12.94
2024,37,CIN,KC,RB,20.6
2024,37,CIN,KC,WR/TE,25.5
2024,37,CLE,JAX,QB,13.3
2024,37,CLE,JAX,RB,15.9
2024,37,CLE,JAX,WR/TE,32.5
2024,37,DAL,NO,QB,21.419999999999998
2024,37,DAL,NO,RB,49.4
2024,37,DAL,NO,WR/TE,36.0
2024,37,DEN,PIT,QB,11.38
2024,37,DEN,PIT,RB,23.599999999999998
2024,37,DEN,PIT,WR/TE,20.3
2024,37,DET,TB,QB,18.8
2024,37,DET,TB,RB,5.0
2024,37,DET,TB,WR/TE,29.1
2024,37,GB,IND,QB,9.86
2024,37,GB,IND,RB,30.9
2024,37,GB,IND,WR/TE,28.8
2024,37,HOU,CHI,QB,15.8
2024,37,HOU,CHI,RB,22.2
2024,37,HOU,CHI,WR/TE,31.6
2024,37,IND,GB,QB,12.98
2024,37,IND,GB,RB,17.4
2024,37,IND,GB,WR/TE,27.9
2024,37,JAX,CLE,QB,15.34
2024,37,JAX,CLE,RB,19.1
2024,37,JAX,CLE,WR/TE,28.8
2024,37,KC,CIN,QB,17.12
2024,37,KC,CIN,RB,8.4
2024,37,KC,CIN,WR/TE,47.5
2024,37,LA,ARI,QB,26.74
2024,37,LA,ARI,RB,25.5
2024,37,LA,ARI,WR/TE,57.2
2024,37,LAC,CAR,QB,5.5600000000000005
2024,37,LAC,CAR,RB,23.2
2024,37,LAC,CAR,WR/TE,12.8
2024,37,LV,BAL,QB,16.38
2024,37,LV,BAL,RB,16.8
2024,37,LV,BAL,WR/TE,44.9
2024,37,MIA,BUF,QB,9.66
2024,37,MIA,BUF,RB,31.2
2024,37,MIA,BUF,WR/TE,17.9
2024,37,MIN,SF,QB,13.96
2024,37,MIN,SF,RB,16.9
2024,37,MIN,SF,WR/TE,50.0
2024,37,NE,SEA,QB,17.88
2024,37,NE,SEA,RB,15.4
2024,37,NE,SEA,WR/TE,49.599999999999994
2024,37,NO,DAL,QB,13.120000000000001
2024,37,NO,DAL,RB,14.3
2024,37,NO,DAL,WR/TE,42.5
2024,37,NYG,WAS,QB,17.38
2024,37,NYG,WAS,RB,38.2
2024,37,NYG,WAS,WR/TE,27.2
2024,37,NYJ,SF,QB,10.24
2024,37,NYJ,SF,RB,22.2
2024,37,NYJ,SF,WR/TE,39.900000000000006
2024,37,NYJ,TEN,QB,14.280000000000001
2024,37,NYJ,TEN,RB,16.799999999999997
2024,37,NYJ,TEN,WR/TE,34.5
2024,37,PIT,DEN,QB,16.16
2024,37,PIT,DEN,RB,11.9
2024,37,PIT,DEN,WR/TE,45.6
2024,37,SEA,NE,QB,10.56
2024,37,SEA,NE,RB,27.0
2024,37,SEA,NE,WR/TE,25.3
2024,37,SF,MIN,QB,19.92
2024,37,SF,MIN,RB,15.5
2024,37,SF,MIN,WR/TE,62.5
2024,37,SF,NYJ,QB,16.96
2024,37,SF,NYJ,RB,18.1
2024,37,SF,NYJ,WR/TE,40.14
2024,37,TB,DET,QB,20.68
2024,37,TB,DET,RB,41.0
2024,37,TB,DET,WR/TE,38.0
2024,37,TEN,NYJ,QB,33.74
2024,37,TEN,NYJ,RB,40.4
2024,37,TEN,NYJ,WR/TE,16.599999999999998
2024,37,WAS,NYG,QB,18.32
2024,37,WAS,NYG,RB,14.299999999999999
2024,37,WAS,NYG,WR/TE,37.3
2024,38,ARI,DET,QB,13.66
2024,38,ARI,DET,RB,35.5
2024,38,ARI,DET,WR/TE,29.0
2024,38,ATL,KC,QB,16.38
2024,38,ATL,KC,RB,8.5
2024,38,ATL,KC,WR/TE,49.3
2024,38,ATL,PHI,QB,23.86
2024,38,ATL,PHI,RB,15.5
2024,38,ATL,PHI,WR/TE,31.700000000000003
2024,38,BAL,DAL,QB,30.36
2024,38,BAL,DAL,RB,10.6
2024,38,BAL,DAL,WR/TE,58.1
2024,38,CAR,LV,QB,19.240000000000002
2024,38,CAR,LV,RB,17.6
2024,38,CAR,LV,WR/TE,53.6
2024,38,CHI,IND,QB,5.08
2024,38,CHI,IND,RB,59.6
2024,38,CHI,IND,WR/TE,18.7
2024,38,CLE,NYG,QB,21.94
2024,38,CLE,NYG,RB,21.8
2024,38,CLE,NYG,WR/TE,38.8
2024,38,DAL,BAL,QB,25.98
2024,38,DAL,BAL,RB,29.900000000000002
2024,38,DAL,BAL,WR/TE,37.4
2024,38,DEN,TB,QB,8.64
2024,38,DEN,TB,RB,16.3
2024,38,DEN,TB,WR/TE,25.900000000000002
2024,38,DET,ARI,QB,14.78
2024,38,DET,ARI,RB,4.5
2024,38,DET,ARI,WR/TE,35.9
2024,38,GB,TEN,QB,46.2
2024,38,GB,TEN,RB,12.5
2024,38,GB,TEN,WR/TE,56.9
2024,38,HOU,MIN,QB,23.24
2024,38,HOU,MIN,RB,24.6
2024,38,HOU,MIN,WR/TE,54.900000000000006
2024,38,IND,CHI,QB,28.52
2024,38,IND,CHI,RB,15.2
2024,38,IND,CHI,WR/TE,67.19999999999999
2024,38,KC,ATL,QB,11.1
2024,38,KC,ATL,RB,26.599999999999998
2024,38,KC,ATL,WR/TE,37.9
2024,38,LA,SF,QB,22.599999999999998
2024,38,LA,SF,RB,12.4
2024,38,LA,SF,WR/TE,56.2
2024,38,LAC,PIT,QB,18.4
2024,38,LAC,PIT,RB,25.3
2024,38,LAC,PIT,WR/TE,35.8
2024,38,LV,CAR,QB,24.56
2024,38,LV,CAR,RB,58.1
2024,38,LV,CAR,WR/TE,50.3
2024,38,MIA,SEA,QB,11.0
2024,38,MIA,SEA,RB,25.3
2024,38,MIA,SEA,WR/TE,43.9
2024,38,MIN,HOU,QB,12.96
2024,38,MIN,HOU,RB,21.6
2024,38,MIN,HOU,WR/TE,42.92
2024,38,NE,NYJ,QB,29.34
2024,38,NE,NYJ,RB,25.2
2024,38,NE,NYJ,WR/TE,50.800000000000004
2024,38,NO,PHI,QB,11.06
2024,38,NO,PHI,RB,33.2
2024,38,NO,PHI,WR/TE,40.800000000000004
2024,38,NYG,CLE,QB,14.54
2024,38,NYG,CLE,RB,9.0
2024,38,NYG,CLE,WR/TE,61.400000000000006
2024,38,NYJ,NE,QB,7.9
2024,38,NYJ,NE,RB,6.6
2024,38,NYJ,NE,WR/TE,18.6
2024,38,PHI,ATL,QB,17.54
2024,38,PHI,ATL,RB,35.4
2024,38,PHI,ATL,WR/TE,40.2
2024,38,PHI,NO,QB,7.98
2024,38,PHI,NO,RB,14.6
2024,38,PHI,NO,WR/TE,21.6
2024,38,PIT,LAC,QB,9.96
2024,38,PIT,LAC,RB,7.800000000000001
2024,38,PIT,LAC,WR/TE,26.200000000000003
2024,38,SEA,MIA,QB,11.8
2024,38,SEA,MIA,RB,16.5
2024,38,SEA,MIA,WR/TE,29.0
2024,38,SF,LA,QB,12.96
2024,38,SF,LA,RB,31.099999999999998
2024,38,SF,LA,WR/TE,29.900000000000002
2024,38,TB,DEN,QB,23.5
2024,38,TB,DEN,RB,19.4
2024,38,TB,DEN,WR/TE,36.6
2024,38,TEN,GB,QB,25.38
2024,38,TEN,GB,RB,22.9
2024,38,TEN,GB,WR/TE,23.1
2024,39,ARI,WAS,QB,34.92
2024,39,ARI,WAS,RB,57.3
2024,39,ARI,WAS,WR/TE,40.2
2024,39,ATL,NO,QB,10.36
2024,39,ATL,NO,RB,38.699999999999996
2024,39,ATL,NO,WR/TE,46.9
2024,39,BAL,BUF,QB,7.38
2024,39,BAL,BUF,RB,6.4
2024,39,BAL,BUF,WR/TE,31.599999999999998
2024,39,BUF,BAL,QB,23.68
2024,39,BUF,BAL,RB,34.300000000000004
2024,39,BUF,BAL,WR/TE,52.64
2024,39,BUF,JAX,QB,9.7
2024,39,BUF,JAX,RB,11.2
2024,39,BUF,JAX,WR/TE,37.98
2024,39,CAR,CIN,QB,16.28
2024,39,CAR,CIN,RB,39.5
2024,39,CAR,CIN,WR/TE,33.3
2024,39,CHI,LA,QB,4.86
2024,39,CHI,LA,RB,21.0
2024,39,CHI,LA,WR/TE,29.4
2024,39,CIN,CAR,QB,20.9
2024,39,CIN,CAR,RB,47.1
2024,39,CIN,CAR,WR/TE,44.0
2024,39,CIN,WAS,QB,28.06
2024,39,CIN,WAS,RB,39.8
2024,39,CIN,WAS,WR/TE,43.8
2024,39,CLE,LV,QB,11.0
2024,39,CLE,LV,RB,10.2
2024,39,CLE,LV,WR/TE,35.3
2024,39,DAL,NYG,QB,11.54
2024,39,DAL,NYG,RB,9.3
2024,39,DAL,NYG,WR/TE,39.1
2024,39,DEN,NYJ,QB,15.86
2024,39,DEN,NYJ,RB,7.8999999999999995
2024,39,DEN,NYJ,WR/TE,31.9
2024,39,GB,MIN,QB,19.98
2024,39,GB,MIN,RB,17.7
2024,39,GB,MIN,WR/TE,68.2
2024,39,HOU,JAX,QB,16.44
2024,39,HOU,JAX,RB,15.5
2024,39,HOU,JAX,WR/TE,38.199999999999996
2024,39,IND,PIT,QB,31.74
2024,39,IND,PIT,RB,25.3
2024,39,IND,PIT,WR/TE,35.3
2024,39,JAX,BUF,QB,30.94
2024,39,JAX,BUF,RB,25.5
2024,39,JAX,BUF,WR/TE,58.2
2024,39,JAX,HOU,QB,23.9
2024,39,JAX,HOU,RB,14.5
2024,39,JAX,HOU,WR/TE,68.3
2024,39,KC,LAC,QB,11.16
2024,39,KC,LAC,RB,9.6
2024,39,KC,LAC,WR/TE,27.799999999999997
2024,39,LA,CHI,QB,24.7
2024,39,LA,CHI,RB,34.9
2024,39,LA,CHI,WR/TE,29.2
2024,39,LAC,KC,QB,13.0
2024,39,LAC,KC,RB,8.6
2024,39,LAC,KC,WR/TE,44.300000000000004
2024,39,LV,CLE,QB,12.24
2024,39,LV,CLE,RB,13.2
2024,39,LV,CLE,WR/TE,33.9
2024,39,MIN,GB,QB,26.24
2024,39,MIN,GB,RB,14.600000000000001
2024,39,MIN,GB,WR/TE,72.60000000000001
2024,39,NE,SF,QB,13.66
2024,39,NE,SF,RB,18.1
2024,39,NE,SF,WR/TE,39.0
2024,39,NO,ATL,QB,7.52
2024,39,NO,ATL,RB,27.8
2024,39,NO,ATL,WR/TE,24.7
2024,39,NYG,DAL,QB,16.74
2024,39,NYG,DAL,RB,15.5
2024,39,NYG,DAL,WR/TE,37.7
2024,39,NYJ,DEN,QB,15.0
2024,39,NYJ,DEN,RB,12.700000000000001
2024,39,NYJ,DEN,WR/TE,23.900000000000002
2024,39,PHI,TB,QB,28.88
2024,39,PHI,TB,RB,23.6
2024,39,PHI,TB,WR/TE,54.199999999999996
2024,39,PIT,IND,QB,20.36
2024,39,PIT,IND,RB,37.199999999999996
2024,39,PIT,IND,WR/TE,42.9
2024,39,SF,NE,QB,6.86
2024,39,SF,NE,RB,16.5
2024,39,SF,NE,WR/TE,20.200000000000003
2024,39,TB,PHI,QB,17.42
2024,39,TB,PHI,RB,13.5
2024,39,TB,PHI,WR/TE,26.599999999999998
2024,39,WAS,ARI,QB,9.98
2024,39,WAS,ARI,RB,26.4
2024,39,WAS,ARI,WR/TE,24.3
2024,39,WAS,CIN,QB,25.36
2024,39,WAS,CIN,RB,26.1
2024,39,WAS,CIN,WR/TE,56.800000000000004
2024,40,ARI,SF,QB,13.06
2024,40,ARI,SF,RB,10.2
2024,40,ARI,SF,WR/TE,39.4
2024,40,ATL,TB,QB,23.4
2024,40,ATL,TB,RB,12.7
2024,40,ATL,TB,WR/TE,42.599999999999994
2024,40,BAL,CIN,QB,33.78
2024,40,BAL,CIN,RB,19.6
2024,40,BAL,CIN,WR/TE,71.6
2024,40,BUF,HOU,QB,15.94
2024,40,BUF,HOU,RB,23.4
2024,40,BUF,HOU,WR/TE,54.1
2024,40,CAR,CHI,QB,52.96
2024,40,CAR,CHI,RB,33.5
2024,40,CAR,CHI,WR/TE,71.7
2024,40,CHI,CAR,QB,15.079999999999998
2024,40,CHI,CAR,RB,34.800000000000004
2024,40,CHI,CAR,WR/TE,30.700000000000003
2024,40,CIN,BAL,QB,32.94
2024,40,CIN,BAL,RB,16.1
2024,40,CIN,BAL,WR/TE,75.5
2024,40,CLE,WAS,QB,21.44
2024,40,CLE,WAS,RB,48.9
2024,40,CLE,WAS,WR/TE,31.2
2024,40,DAL,PIT,QB,16.46
2024,40,DAL,PIT,RB,19.9
2024,40,DAL,PIT,WR/TE,29.86
2024,40,DEN,LV,QB,9.44
2024,40,DEN,LV,RB,19.7
2024,40,DEN,LV,WR/TE,35.699999999999996
2024,40,DET,SEA,QB,21.12
2024,40,DET,SEA,RB,38.1
2024,40,DET,SEA,WR/TE,50.9
2024,40,GB,LA,QB,12.2
2024,40,GB,LA,RB,20.4
2024,40,GB,LA,WR/TE,42.5
2024,40,HOU,BUF,QB,12.84
2024,40,HOU,BUF,RB,21.099999999999998
2024,40,HOU,BUF,WR/TE,19.900000000000002
2024,40,IND,JAX,QB,27.04
2024,40,IND,JAX,RB,30.499999999999996
2024,40,IND,JAX,WR/TE,52.9
2024,40,JAX,IND,QB,26.64
2024,40,JAX,IND,RB,22.6
2024,40,JAX,IND,WR/TE,65.56
2024,40,LA,GB,QB,15.96
2024,40,LA,GB,RB,17.9
2024,40,LA,GB,WR/TE,41.6
2024,40,LV,DEN,QB,35.04
2024,40,LV,DEN,RB,23.6
2024,40,LV,DEN,WR/TE,47.8
2024,40,MIA,NE,QB,8.1
2024,40,MIA,NE,RB,23.6
2024,40,MIA,NE,WR/TE,21.8
2024,40,MIA,TEN,QB,11.799999999999999
2024,40,MIA,TEN,RB,28.0
2024,40,MIA,TEN,WR/TE,18.099999999999998
2024,40,MIN,NYJ,QB,15.059999999999999
2024,40,MIN,NYJ,RB,8.5
2024,40,MIN,NYJ,WR/TE,49.5
2024,40,NE,MIA,QB,6.46
2024,40,NE,MIA,RB,35.1
2024,40,NE,MIA,WR/TE,31.4
2024,40,NYG,SEA,QB,22.56
2024,40,NYG,SEA,RB,15.6
2024,40,NYG,SEA,WR/TE,33.8
2024,40,NYJ,MIN,QB,5.18
2024,40,NYJ,MIN,RB,10.899999999999999
2024,40,NYJ,MIN,WR/TE,42.199999999999996
2024,40,PIT,DAL,QB,16.38
2024,40,PIT,DAL,RB,20.4
2024,40,PIT,DAL,WR/TE,53.7
2024,40,SEA,DET,QB,41.68
2024,40,SEA,DET,RB,49.300000000000004
2024,40,SEA,DET,WR/TE,45.7
2024,40,SEA,NYG,QB,28.08
2024,40,SEA,NYG,RB,13.5
2024,40,SEA,NYG,WR/TE,54.7
2024,40,SF,ARI,QB,24.1
2024,40,SF,ARI,RB,11.5
2024,40,SF,ARI,WR/TE,32.1
2024,40,TB,ATL,QB,34.52
2024,40,TB,ATL,RB,22.4
2024,40,TB,ATL,WR/TE,90.4
2024,40,TEN,MIA,QB,11.84
2024,40,TEN,MIA,RB,13.8
2024,40,TEN,MIA,WR/TE,15.6
2024,40,WAS,CLE,QB,8.74
2024,40,WAS,CLE,RB,13.1
2024,40,WAS,CLE,WR/TE,32.3
2024,41,ARI,GB,QB,25.62
2024,41,ARI,GB,RB,20.4
2024,41,ARI,GB,WR/TE,57.0
2024,41,ATL,CAR,QB,32.72
2024,41,ATL,CAR,RB,29.0
2024,41,ATL,CAR,WR/TE,45.2
2024,41,BAL,WAS,QB,25.66
2024,41,BAL,WAS,RB,9.700000000000001
2024,41,BAL,WAS,WR/TE,44.2
2024,41,CAR,ATL,QB,12.46
2024,41,CAR,ATL,RB,65.9
2024,41,CAR,ATL,WR/TE,32.9
2024,41,CHI,JAX,QB,17.299999999999997
2024,41,CHI,JAX,RB,7.700000000000001
2024,41,CHI,JAX,WR/TE,54.44
2024,41,CIN,NYG,QB,11.8
2024,41,CIN,NYG,RB,19.7
2024,41,CIN,NYG,WR/TE,28.599999999999998
2024,41,CLE,PHI,QB,21.86
2024,41,CLE,PHI,RB,8.7
2024,41,CLE,PHI,WR/TE,46.0
2024,41,DAL,DET,QB,42.199999999999996
2024,41,DAL,DET,RB,49.2
2024,41,DAL,DET,WR/TE,57.8
2024,41,DEN,LAC,QB,13.68
2024,41,DEN,LAC,RB,29.799999999999997
2024,41,DEN,LAC,WR/TE,29.0
2024,41,DET,DAL,QB,3.2600000000000002
2024,41,DET,DAL,RB,9.7
2024,41,DET,DAL,WR/TE,28.2
2024,41,GB,ARI,QB,12.18
2024,41,GB,ARI,RB,16.6
2024,41,GB,ARI,WR/TE,25.799999999999997
2024,41,HOU,NE,QB,19.52
2024,41,HOU,NE,RB,9.7
2024,41,HOU,NE,WR/TE,45.0
2024,41,IND,TEN,QB,22.26
2024,41,IND,TEN,RB,19.2
2024,41,IND,TEN,WR/TE,31.200000000000003
2024,41,JAX,CHI,QB,51.08
2024,41,JAX,CHI,RB,24.200000000000003
2024,41,JAX,CHI,WR/TE,54.0
2024,41,KC,NO,QB,19.98
2024,41,KC,NO,RB,10.5
2024,41,KC,NO,WR/TE,34.1
2024,41,LAC,DEN,QB,23.84
2024,41,LAC,DEN,RB,7.9
2024,41,LAC,DEN,WR/TE,41.2
2024,41,LV,PIT,QB,23.1
2024,41,LV,PIT,RB,43.3
2024,41,LV,PIT,WR/TE,15.899999999999999
2024,41,NE,HOU,QB,18.18
2024,41,NE,HOU,RB,40.6
2024,41,NE,HOU,WR/TE,37.4
2024,41,NO,KC,QB,12.84
2024,41,NO,KC,RB,19.5
2024,41,NO,KC,WR/TE,49.9
2024,41,NO,TB,QB,25.54
2024,41,NO,TB,RB,50.7
2024,41,NO,TB,WR/TE,54.2
2024,41,NYG,CIN,QB,19.82
2024,41,NYG,CIN,RB,13.4
2024,41,NYG,CIN,WR/TE,27.5
2024,41,PHI,CLE,QB,8.42
2024,41,PHI,CLE,RB,15.9
2024,41,PHI,CLE,WR/TE,23.4
2024,41,PIT,LV,QB,8.879999999999999
2024,41,PIT,LV,RB,18.2
2024,41,PIT,LV,WR/TE,33.6
2024,41,SEA,SF,QB,24.1
2024,41,SEA,SF,RB,21.9
2024,41,SEA,SF,WR/TE,57.5
2024,41,SF,SEA,QB,12.72
2024,41,SF,SEA,RB,20.9
2024,41,SF,SEA,WR/TE,41.1
2024,41,TB,NO,QB,22.720000000000002
2024,41,TB,NO,RB,18.400000000000002
2024,41,TB,NO,WR/TE,33.0
2024,41,TEN,IND,QB,13.86
2024,41,TEN,IND,RB,11.4
2024,41,TEN,IND,WR/TE,38.9
2024,41,WAS,BAL,QB,18.72
2024,41,WAS,BAL,RB,25.4
2024,41,WAS,BAL,WR/TE,49.599999999999994
2024,42,ATL,SEA,QB,17.78
2024,42,ATL,SEA,RB,24.2
2024,42,ATL,SEA,WR/TE,37.699999999999996
2024,42,BUF,NYJ,QB,19.0
2024,42,BUF,NYJ,RB,21.7
2024,42,BUF,NYJ,WR/TE,44.8
2024,42,BUF,TEN,QB,12.420000000000002
2024,42,BUF,TEN,RB,10.4
2024,42,BUF,TEN,WR/TE,39.1
2024,42,CAR,WAS,QB,29.240000000000002
2024,42,CAR,WAS,RB,33.4
2024,42,CAR,WAS,WR/TE,42.5
2024,42,CIN,CLE,QB,15.48
2024,42,CIN,CLE,RB,12.2
2024,42,CIN,CLE,WR/TE,46.3
2024,42,CLE,CIN,QB,14.94
2024,42,CLE,CIN,RB,14.200000000000001
2024,42,CLE,CIN,WR/TE,32.0
2024,42,DEN,NO,QB,15.1
2024,42,DEN,NO,RB,11.8
2024,42,DEN,NO,WR/TE,37.199999999999996
2024,42,DET,MIN,QB,16.26
2024,42,DET,MIN,RB,19.5
2024,42,DET,MIN,WR/TE,57.3
2024,42,GB,HOU,QB,5.34
2024,42,GB,HOU,RB,25.599999999999998
2024,42,GB,HOU,WR/TE,12.299999999999999
2024,42,HOU,GB,QB,16.96
2024,42,HOU,GB,RB,19.200000000000003
2024,42,HOU,GB,WR/TE,41.4
2024,42,IND,MIA,QB,16.2
2024,42,IND,MIA,RB,21.2
2024,42,IND,MIA,WR/TE,27.000000000000004
2024,42,JAX,NE,QB,21.14
2024,42,JAX,NE,RB,18.5
2024,42,JAX,NE,WR/TE,36.1
2024,42,KC,SF,QB,17.22
2024,42,KC,SF,RB,9.1
2024,42,KC,SF,WR/TE,28.1
2024,42,LA,LV,QB,0.44000000000000017
2024,42,LA,LV,RB,17.0
2024,42,LA,LV,WR/TE,26.1
2024,42,LV,LA,QB,3.96
2024,42,LV,LA,RB,23.700000000000003
2024,42,LV,LA,WR/TE,30.1
2024,42,MIA,IND,QB,8.76
2024,42,MIA,IND,RB,16.5
2024,42,MIA,IND,WR/TE,17.3
2024,42,MIN,DET,QB,24.9
2024,42,MIN,DET,RB,36.6
2024,42,MIN,DET,WR/TE,39.2
2024,42,NE,JAX,QB,13.02
2024,42,NE,JAX,RB,32.3
2024,42,NE,JAX,WR/TE,45.3
2024,42,NO,DEN,QB,38.36
2024,42,NO,DEN,RB,28.6
2024,42,NO,DEN,WR/TE,44.9
2024,42,NYG,PHI,QB,22.96
2024,42,NYG,PHI,RB,34.2
2024,42,NYG,PHI,WR/TE,18.7
2024,42,NYJ,BUF,QB,24.4
2024,42,NYJ,BUF,RB,17.9
2024,42,NYJ,BUF,WR/TE,38.2
2024,42,NYJ,PIT,QB,24.76
2024,42,NYJ,PIT,RB,39.6
2024,42,NYJ,PIT,WR/TE,43.900000000000006
2024,42,PHI,NYG,QB,7.34
2024,42,PHI,NYG,RB,7.300000000000001
2024,42,PHI,NYG,WR/TE,15.6
2024,42,PIT,NYJ,QB,12.139999999999999
2024,42,PIT,NYJ,RB,25.400000000000002
2024,42,PIT,NYJ,WR/TE,38.1
2024,42,SEA,ATL,QB,7.699999999999999
2024,42,SEA,ATL,RB,50.300000000000004
2024,42,SEA,ATL,WR/TE,36.1
2024,42,SF,KC,QB,12.06
2024,42,SF,KC,RB,23.0
2024,42,SF,KC,WR/TE,32.8
2024,42,TEN,BUF,QB,21.02
2024,42,TEN,BUF,RB,20.4
2024,42,TEN,BUF,WR/TE,68.3
2024,42,WAS,CAR,QB,18.06
2024,42,WAS,CAR,RB,25.7
2024,42,WAS,CAR,WR/TE,16.1
2024,43,ARI,LAC,QB,14.76
2024,43,ARI,LAC,RB,10.7
2024,43,ARI,LAC,WR/TE,40.8
2024,43,ARI,MIA,QB,14.62
2024,43,ARI,MIA,RB,51.199999999999996
2024,43,ARI,MIA,WR/TE,30.6
2024,43,ATL,TB,QB,22.2
2024,43,ATL,TB,RB,27.1
2024,43,ATL,TB,WR/TE,49.7
2024,43,BAL,CLE,QB,23.56
2024,43,BAL,CLE,RB,8.6
2024,43,BAL,CLE,WR/TE,64.1
2024,43,BAL,TB,QB,25.3
2024,43,BAL,TB,RB,45.5
2024,43,BAL,TB,WR/TE,41.2
2024,43,BUF,SEA,QB,8.18
2024,43,BUF,SEA,RB,15.8
2024,43,BUF,SEA,WR/TE,22.9
2024,43,CAR,DEN,QB,37.0
2024,43,CAR,DEN,RB,19.7
2024,43,CAR,DEN,WR/TE,58.22
2024,43,CHI,WAS,QB,24.74
2024,43,CHI,WAS,RB,22.9
2024,43,CHI,WAS,WR/TE,45.8
2024,43,CIN,PHI,QB,34.94
2024,43,CIN,PHI,RB,13.299999999999999
2024,43,CIN,PHI,WR/TE,36.8
2024,43,CLE,BAL,QB,24.16
2024,43,CLE,BAL,RB,14.2
2024,43,CLE,BAL,WR/TE,54.4
2024,43,DAL,SF,QB,26.0
2024,43,DAL,SF,RB,20.4
2024,43,DAL,SF,WR/TE,43.3
2024,43,DEN,CAR,QB,22.42
2024,43,DEN,CAR,RB,24.2
2024,43,DEN,CAR,WR/TE,43.3
2024,43,DET,TEN,QB,19.54
2024,43,DET,TEN,RB,16.4
2024,43,DET,TEN,WR/TE,36.1
2024,43,GB,JAX,QB,23.32
2024,43,GB,JAX,RB,14.899999999999999
2024,43,GB,JAX,WR/TE,54.6
2024,43,HOU,IND,QB,12.14
2024,43,HOU,IND,RB,40.1
2024,43,HOU,IND,WR/TE,25.0
2024,43,IND,HOU,QB,13.4
2024,43,IND,HOU,RB,21.799999999999997
2024,43,IND,HOU,WR/TE,41.8
2024,43,JAX,GB,QB,14.28
2024,43,JAX,GB,RB,29.7
2024,43,JAX,GB,WR/TE,38.5
2024,43,KC,LV,QB,14.26
2024,43,KC,LV,RB,9.8
2024,43,KC,LV,WR/TE,38.5
2024,43,LA,MIN,QB,18.2
2024,43,LA,MIN,RB,10.5
2024,43,LA,MIN,WR/TE,55.8
2024,43,LAC,ARI,QB,20.4
2024,43,LAC,ARI,RB,17.599999999999998
2024,43,LAC,ARI,WR/TE,21.4
2024,43,LAC,NO,QB,17.78
2024,43,LAC,NO,RB,22.82
2024,43,LAC,NO,WR/TE,31.02
2024,43,LV,KC,QB,25.98
2024,43,LV,KC,RB,14.700000000000001
2024,43,LV,KC,WR/TE,53.4
2024,43,MIA,ARI,QB,21.54
2024,43,MIA,ARI,RB,14.9
2024,43,MIA,ARI,WR/TE,51.0
2024,43,MIN,LA,QB,24.76
2024,43,MIN,LA,RB,22.7
2024,43,MIN,LA,WR/TE,54.199999999999996
2024,43,NE,NYJ,QB,26.52
2024,43,NE,NYJ,RB,18.6
2024,43,NE,NYJ,WR/TE,49.8
2024,43,NO,LAC,QB,24.06
2024,43,NO,LAC,RB,16.4
2024,43,NO,LAC,WR/TE,46.800000000000004
2024,43,NYJ,NE,QB,18.2
2024,43,NYJ,NE,RB,20.6
2024,43,NYJ,NE,WR/TE,21.3
2024,43,PHI,CIN,QB,12.9
2024,43,PHI,CIN,RB,16.2
2024,43,PHI,CIN,WR/TE,34.5
2024,43,SEA,BUF,QB,19.52
2024,43,SEA,BUF,RB,29.7
2024,43,SEA,BUF,WR/TE,49.6
2024,43,SF,DAL,QB,13.7
2024,43,SF,DAL,RB,13.0
2024,43,SF,DAL,WR/TE,47.7
2024,43,TB,ATL,QB,28.64
2024,43,TB,ATL,RB,45.9
2024,43,TB,ATL,WR/TE,51.0
2024,43,TB,BAL,QB,34.64
2024,43,TB,BAL,RB,24.8
2024,43,TB,BAL,WR/TE,73.4
2024,43,TEN,DET,QB,15.78
2024,43,TEN,DET,RB,34.52
2024,43,TEN,DET,WR/TE,38.9
2024,43,WAS,CHI,QB,15.240000000000002
2024,43,WAS,CHI,RB,25.5
2024,43,WAS,CHI,WR/TE,22.5
2024,44,ARI,CHI,QB,20.08
2024,44,ARI,CHI,RB,14.299999999999999
2024,44,ARI,CHI,WR/TE,30.1
2024,44,ATL,DAL,QB,20.92
2024,44,ATL,DAL,RB,20.0
2024,44,ATL,DAL,WR/TE,46.199999999999996
2024,44,BAL,DEN,QB,26.32
2024,44,BAL,DEN,RB,16.3
2024,44,BAL,DEN,WR/TE,37.28
2024,44,BUF,MIA,QB,18.46
2024,44,BUF,MIA,RB,47.7
2024,44,BUF,MIA,WR/TE,30.8
2024,44,CAR,NO,QB,18.439999999999998
2024,44,CAR,NO,RB,43.4
2024,44,CAR,NO,WR/TE,35.1
2024,44,CHI,ARI,QB,4.66
2024,44,CHI,ARI,RB,40.9
2024,44,CHI,ARI,WR/TE,17.8
2024,44,CIN,LV,QB,8.120000000000001
2024,44,CIN,LV,RB,14.7
2024,44,CIN,LV,WR/TE,33.4
2024,44,CLE,LAC,QB,19.16
2024,44,CLE,LAC,RB,22.9
2024,44,CLE,LAC,WR/TE,46.9
2024,44,DAL,ATL,QB,17.7
2024,44,DAL,ATL,RB,44.4
2024,44,DAL,ATL,WR/TE,40.8
2024,44,DEN,BAL,QB,24.12
2024,44,DEN,BAL,RB,25.8
2024,44,DEN,BAL,WR/TE,61.4
2024,44,DET,GB,QB,8.92
2024,44,DET,GB,RB,26.8
2024,44,DET,GB,WR/TE,31.8
2024,44,GB,DET,QB,9.6
2024,44,GB,DET,RB,25.2
2024,44,GB,DET,WR/TE,22.9
2024,44,HOU,NYJ,QB,16.2
2024,44,HOU,NYJ,RB,11.500000000000002
2024,44,HOU,NYJ,WR/TE,58.6
2024,44,IND,MIN,QB,19.0
2024,44,IND,MIN,RB,22.799999999999997
2024,44,IND,MIN,WR/TE,78.06
2024,44,JAX,PHI,QB,35.9
2024,44,JAX,PHI,RB,33.4
2024,44,JAX,PHI,WR/TE,31.599999999999998
2024,44,LA,SEA,QB,22.12
2024,44,LA,SEA,RB,16.5
2024,44,LA,SEA,WR/TE,57.4
2024,44,LAC,CLE,QB,5.22
2024,44,LAC,CLE,RB,6.2
2024,44,LAC,CLE,WR/TE,33.5
2024,44,LV,CIN,QB,29.04
2024,44,LV,CIN,RB,24.2
2024,44,LV,CIN,WR/TE,56.4
2024,44,MIA,BUF,QB,20.1
2024,44,MIA,BUF,RB,25.4
2024,44,MIA,BUF,WR/TE,37.3
2024,44,MIN,IND,QB,3.06
2024,44,MIN,IND,RB,16.6
2024,44,MIN,IND,WR/TE,23.6
2024,44,NE,TEN,QB,18.2
2024,44,NE,TEN,RB,19.9
2024,44,NE,TEN,WR/TE,41.7
2024,44,NO,CAR,QB,34.14
2024,44,NO,CAR,RB,39.800000000000004
2024,44,NO,CAR,WR/TE,33.0
2024,44,NYG,PIT,QB,13.82
2024,44,NYG,PIT,RB,36.1
2024,44,NYG,PIT,WR/TE,38.3
2024,44,NYG,WAS,QB,25.060000000000002
2024,44,NYG,WAS,RB,23.6
2024,44,NYG,WAS,WR/TE,35.4
2024,44,NYJ,HOU,QB,11.54
2024,44,NYJ,HOU,RB,22.700000000000003
2024,44,NYJ,HOU,WR/TE,24.5
2024,44,PHI,JAX,QB,15.56
2024,44,PHI,JAX,RB,8.3
2024,44,PHI,JAX,WR/TE,24.5
2024,44,PIT,NYG,QB,6.7
2024,44,PIT,NYG,RB,26.900000000000002
2024,44,PIT,NYG,WR/TE,39.8
2024,44,SEA,LA,QB,17.92
2024,44,SEA,LA,RB,8.0
2024,44,SEA,LA,WR/TE,56.5
2024,44,TEN,NE,QB,16.14
2024,44,TEN,NE,RB,21.7
2024,44,TEN,NE,WR/TE,27.9
2024,44,WAS,NYG,QB,24.28
2024,44,WAS,NYG,RB,10.7
2024,44,WAS,NYG,WR/TE,52.1
2024,45,ARI,NYJ,QB,7.9399999999999995
2024,45,ARI,NYJ,RB,16.4
2024,45,ARI,NYJ,WR/TE,23.7
2024,45,ATL,NO,QB,22.3
2024,45,ATL,NO,RB,17.400000000000002
2024,45,ATL,NO,WR/TE,59.599999999999994
2024,45,BAL,CIN,QB,33.82
2024,45,BAL,CIN,RB,17.9
2024,45,BAL,CIN,WR/TE,74.2
2024,45,BUF,IND,QB,10.88
2024,45,BUF,IND,RB,35.199999999999996
2024,45,BUF,IND,WR/TE,42.3
2024,45,CAR,NYG,QB,12.0
2024,45,CAR,NYG,RB,20.1
2024,45,CAR,NYG,WR/TE,33.9
2024,45,CHI,NE,QB,11.76
2024,45,CHI,NE,RB,13.7
2024,45,CHI,NE,WR/TE,30.200000000000003
2024,45,CIN,BAL,QB,30.9
2024,45,CIN,BAL,RB,14.7
2024,45,CIN,BAL,WR/TE,66.4
2024,45,DAL,PHI,QB,29.98
2024,45,DAL,PHI,RB,23.1
2024,45,DAL,PHI,WR/TE,37.1
2024,45,DEN,KC,QB,31.74
2024,45,DEN,KC,RB,13.8
2024,45,DEN,KC,WR/TE,44.199999999999996
2024,45,DET,HOU,QB,9.78
2024,45,DET,HOU,RB,16.0
2024,45,DET,HOU,WR/TE,33.8
2024,45,HOU,DET,QB,14.6
2024,45,HOU,DET,RB,30.7
2024,45,HOU,DET,WR/TE,35.9
2024,45,IND,BUF,QB,18.099999999999998
2024,45,IND,BUF,RB,15.6
2024,45,IND,BUF,WR/TE,38.0
2024,45,JAX,MIN,QB,6.28
2024,45,JAX,MIN,RB,23.3
2024,45,JAX,MIN,WR/TE,38.5
2024,45,KC,DEN,QB,17.8
2024,45,KC,DEN,RB,8.200000000000001
2024,45,KC,DEN,WR/TE,46.3
2024,45,KC,TB,QB,18.8
2024,45,KC,TB,RB,18.1
2024,45,KC,TB,WR/TE,38.9
2024,45,LAC,TEN,QB,19.1
2024,45,LAC,TEN,RB,14.9
2024,45,LAC,TEN,WR/TE,32.699999999999996
2024,45,MIN,JAX,QB,5.24
2024,45,MIN,JAX,RB,5.2
2024,45,MIN,JAX,WR/TE,22.94
2024,45,NE,CHI,QB,17.4
2024,45,NE,CHI,RB,7.6
2024,45,NE,CHI,WR/TE,22.4
2024,45,NO,ATL,QB,10.24
2024,45,NO,ATL,RB,62.5
2024,45,NO,ATL,WR/TE,38.4
2024,45,NYG,CAR,QB,28.48
2024,45,NYG,CAR,RB,50.0
2024,45,NYG,CAR,WR/TE,25.299999999999997
2024,45,NYJ,ARI,QB,28.68
2024,45,NYJ,ARI,RB,33.2
2024,45,NYJ,ARI,WR/TE,29.599999999999998
2024,45,PHI,DAL,QB,-1.46
2024,45,PHI,DAL,RB,7.3
2024,45,PHI,DAL,WR/TE,12.5
2024,45,PIT,WAS,QB,9.88
2024,45,PIT,WAS,RB,24.7
2024,45,PIT,WAS,WR/TE,27.5
2024,45,SF,TB,QB,8.94
2024,45,SF,TB,RB,32.2
2024,45,SF,TB,WR/TE,11.1
2024,45,TB,KC,QB,73.74000000000001
2024,45,TB,KC,RB,19.1
2024,45,TB,KC,WR/TE,85.10000000000001
2024,45,TB,SF,QB,23.82
2024,45,TB,SF,RB,14.2
2024,45,TB,SF,WR/TE,51.4
2024,45,TEN,LAC,QB,19.76
2024,45,TEN,LAC,RB,18.9
2024,45,TEN,LAC,WR/TE,27.8
2024,45,WAS,PIT,QB,18.1
2024,45,WAS,PIT,RB,33.4
2024,45,WAS,PIT,WR/TE,50.699999999999996
2024,46,ATL,DEN,QB,45.08
2024,46,ATL,DEN,RB,22.6
2024,46,ATL,DEN,WR/TE,77.3
2024,46,BAL,PIT,QB,8.0
2024,46,BAL,PIT,RB,31.900000000000002
2024,46,BAL,PIT,WR/TE,21.8
2024,46,BUF,KC,QB,24.64
2024,46,BUF,KC,RB,8.2
2024,46,BUF,KC,WR/TE,53.1
2024,46,CHI,GB,QB,20.24
2024,46,CHI,GB,RB,25.4
2024,46,CHI,GB,WR/TE,28.0
2024,46,CIN,LAC,QB,24.38
2024,46,CIN,LAC,RB,21.2
2024,46,CIN,LAC,WR/TE,50.0
2024,46,CLE,NO,QB,29.1
2024,46,CLE,NO,RB,48.92
2024,46,CLE,NO,WR/TE,89.52
2024,46,DEN,ATL,QB,5.88
2024,46,DEN,ATL,RB,18.4
2024,46,DEN,ATL,WR/TE,24.5
2024,46,DET,JAX,QB,4.22
2024,46,DET,JAX,RB,5.1
2024,46,DET,JAX,WR/TE,25.419999999999998
2024,46,GB,CHI,QB,32.54
2024,46,GB,CHI,RB,26.0
2024,46,GB,CHI,WR/TE,41.699999999999996
2024,46,IND,NYJ,QB,17.759999999999998
2024,46,IND,NYJ,RB,30.8
2024,46,IND,NYJ,WR/TE,36.3
2024,46,JAX,DET,QB,57.599999999999994
2024,46,JAX,DET,RB,61.7
2024,46,JAX,DET,WR/TE,72.8
2024,46,KC,BUF,QB,23.68
2024,46,KC,BUF,RB,18.599999999999998
2024,46,KC,BUF,WR/TE,50.800000000000004
2024,46,LA,MIA,QB,8.18
2024,46,LA,MIA,RB,22.6
2024,46,LA,MIA,WR/TE,37.1
2024,46,LA,NE,QB,18.48
2024,46,LA,NE,RB,13.6
2024,46,LA,NE,WR/TE,50.9
2024,46,LAC,CIN,QB,29.04
2024,46,LAC,CIN,RB,17.8
2024,46,LAC,CIN,WR/TE,59.0
2024,46,LV,MIA,QB,23.52
2024,46,LV,MIA,RB,35.0
2024,46,LV,MIA,WR/TE,59.400000000000006
2024,46,MIA,LA,QB,9.72
2024,46,MIA,LA,RB,10.8
2024,46,MIA,LA,WR/TE,43.6
2024,46,MIA,LV,QB,17.98
2024,46,MIA,LV,RB,20.5
2024,46,MIA,LV,WR/TE,40.0
2024,46,MIN,TEN,QB,15.6
2024,46,MIN,TEN,RB,5.7
2024,46,MIN,TEN,WR/TE,39.8
2024,46,NE,LA,QB,27.8
2024,46,NE,LA,RB,11.899999999999999
2024,46,NE,LA,WR/TE,61.300000000000004
2024,46,NO,CLE,QB,23.900000000000002
2024,46,NO,CLE,RB,11.4
2024,46,NO,CLE,WR/TE,61.6
2024,46,NYJ,IND,QB,27.979999999999997
2024,46,NYJ,IND,RB,14.0
2024,46,NYJ,IND,WR/TE,41.8
2024,46,PHI,WAS,QB,15.64
2024,46,PHI,WAS,RB,42.3
2024,46,PHI,WAS,WR/TE,21.2
2024,46,PIT,BAL,QB,14.88
2024,46,PIT,BAL,RB,10.5
2024,46,PIT,BAL,WR/TE,40.1
2024,46,SEA,SF,QB,17.46
2024,46,SEA,SF,RB,14.8
2024,46,SEA,SF,WR/TE,27.6
2024,46,SF,SEA,QB,15.74
2024,46,SF,SEA,RB,14.4
2024,46,SF,SEA,WR/TE,32.7
2024,46,TEN,MIN,QB,23.12
2024,46,TEN,MIN,RB,25.6
2024,46,TEN,MIN,WR/TE,46.9
2024,46,WAS,PHI,QB,18.74
2024,46,WAS,PHI,RB,38.199999999999996
2024,46,WAS,PHI,WR/TE,23.8
2024,47,ARI,SEA,QB,12.36
2024,47,ARI,SEA,RB,13.5
2024,47,ARI,SEA,WR/TE,35.199999999999996
2024,47,CAR,KC,QB,52.879999999999995
2024,47,CAR,KC,RB,12.0
2024,47,CAR,KC,WR/TE,69.2
2024,47,CHI,MIN,QB,21.66
2024,47,CHI,MIN,RB,24.5
2024,47,CHI,MIN,WR/TE,56.699999999999996
2024,47,CLE,PIT,QB,16.6
2024,47,CLE,PIT,RB,26.3
2024,47,CLE,PIT,WR/TE,37.800000000000004
2024,47,DAL,HOU,QB,10.98
2024,47,DAL,HOU,RB,34.50000000000001
2024,47,DAL,HOU,WR/TE,32.2
2024,47,DAL,WAS,QB,29.5
2024,47,DAL,WAS,RB,11.4
2024,47,DAL,WAS,WR/TE,48.6
2024,47,DEN,LV,QB,12.6
2024,47,DEN,LV,RB,18.3
2024,47,DEN,LV,WR/TE,38.300000000000004
2024,47,DET,IND,QB,12.48
2024,47,DET,IND,RB,7.0
2024,47,DET,IND,WR/TE,22.7
2024,47,GB,SF,QB,8.46
2024,47,GB,SF,RB,16.96
2024,47,GB,SF,WR/TE,28.2
2024,47,HOU,DAL,QB,16.36
2024,47,HOU,DAL,RB,10.5
2024,47,HOU,DAL,WR/TE,53.1
2024,47,HOU,TEN,QB,16.12
2024,47,HOU,TEN,RB,21.4
2024,47,HOU,TEN,WR/TE,45.6
2024,47,IND,DET,QB,20.060000000000002
2024,47,IND,DET,RB,48.1
2024,47,IND,DET,WR/TE,32.8
2024,47,KC,CAR,QB,45.92
2024,47,KC,CAR,RB,24.400000000000002
2024,47,KC,CAR,WR/TE,60.6
2024,47,LA,PHI,QB,10.620000000000001
2024,47,LA,PHI,RB,52.4
2024,47,LA,PHI,WR/TE,17.6
2024,47,LV,DEN,QB,21.18
2024,47,LV,DEN,RB,7.3
2024,47,LV,DEN,WR/TE,52.3
2024,47,MIA,NE,QB,10.88
2024,47,MIA,NE,RB,9.4
2024,47,MIA,NE,WR/TE,36.4
2024,47,MIN,CHI,QB,65.4
2024,47,MIN,CHI,RB,15.7
2024,47,MIN,CHI,WR/TE,78.2
2024,47,NE,MIA,QB,34.78
2024,47,NE,MIA,RB,27.6
2024,47,NE,MIA,WR/TE,55.6
2024,47,NYG,TB,QB,18.66
2024,47,NYG,TB,RB,42.8
2024,47,NYG,TB,WR/TE,29.3
2024,47,PHI,LA,QB,17.22
2024,47,PHI,LA,RB,9.8
2024,47,PHI,LA,WR/TE,49.9
2024,47,PIT,CLE,QB,11.46
2024,47,PIT,CLE,RB,21.7
2024,47,PIT,CLE,WR/TE,27.0
2024,47,SEA,ARI,QB,10.46
2024,47,SEA,ARI,RB,11.8
2024,47,SEA,ARI,WR/TE,33.900000000000006
2024,47,SF,GB,QB,14.72
2024,47,SF,GB,RB,35.8
2024,47,SF,GB,WR/TE,33.7
2024,47,TB,NYG,QB,10.92
2024,47,TB,NYG,RB,15.0
2024,47,TB,NYG,WR/TE,29.1
2024,47,TEN,HOU,QB,15.68
2024,47,TEN,HOU,RB,7.0
2024,47,TEN,HOU,WR/TE,41.9
2024,47,WAS,DAL,QB,17.68
2024,47,WAS,DAL,RB,9.9
2024,47,WAS,DAL,WR/TE,52.0
2024,48,ARI,MIN,QB,19.6
2024,48,ARI,MIN,RB,12.9
2024,48,ARI,MIN,WR/TE,51.3
2024,48,ATL,LAC,QB,6.02
2024,48,ATL,LAC,RB,3.6999999999999997
2024,48,ATL,LAC,WR/TE,22.5
2024,48,BAL,LAC,QB,17.62
2024,48,BAL,LAC,RB,14.8
2024,48,BAL,LAC,WR/TE,28.900000000000002
2024,48,BAL,PHI,QB,11.62
2024,48,BAL,PHI,RB,18.999999999999996
2024,48,BAL,PHI,WR/TE,21.3
2024,48,BUF,SF,QB,2.16
2024,48,BUF,SF,RB,23.6
2024,48,BUF,SF,WR/TE,8.6
2024,48,CAR,TB,QB,10.299999999999999
2024,48,CAR,TB,RB,34.0
2024,48,CAR,TB,WR/TE,35.5
2024,48,CHI,DET,QB,24.04
2024,48,CHI,DET,RB,30.7
2024,48,CHI,DET,WR/TE,38.6
2024,48,CIN,PIT,QB,27.56
2024,48,CIN,PIT,RB,58.99999999999999
2024,48,CIN,PIT,WR/TE,52.8
2024,48,DAL,NYG,QB,14.54
2024,48,DAL,NYG,RB,17.0
2024,48,DAL,NYG,WR/TE,31.1
2024,48,DET,CHI,QB,67.64
2024,48,DET,CHI,RB,8.4
2024,48,DET,CHI,WR/TE,68.8
2024,48,GB,MIA,QB,23.2
2024,48,GB,MIA,RB,40.1
2024,48,GB,MIA,WR/TE,49.900000000000006
2024,48,HOU,JAX,QB,18.24
2024,48,HOU,JAX,RB,11.3
2024,48,HOU,JAX,WR/TE,66.8
2024,48,IND,NE,QB,17.32
2024,48,IND,NE,RB,23.099999999999998
2024,48,IND,NE,WR/TE,38.8
2024,48,JAX,HOU,QB,14.62
2024,48,JAX,HOU,RB,20.5
2024,48,JAX,HOU,WR/TE,37.4
2024,48,KC,LV,QB,19.6
2024,48,KC,LV,RB,13.8
2024,48,KC,LV,WR/TE,55.3
2024,48,LA,NO,QB,18.66
2024,48,LA,NO,RB,22.3
2024,48,LA,NO,WR/TE,46.2
2024,48,LAC,ATL,QB,2.1
2024,48,LAC,ATL,RB,47.7
2024,48,LAC,ATL,WR/TE,28.6
2024,48,LAC,BAL,QB,22.58
2024,48,LAC,BAL,RB,14.0
2024,48,LAC,BAL,WR/TE,63.2
2024,48,LV,KC,QB,37.88
2024,48,LV,KC,RB,7.8999999999999995
2024,48,LV,KC,WR/TE,56.2
2024,48,MIA,GB,QB,18.96
2024,48,MIA,GB,RB,25.599999999999998
2024,48,MIA,GB,WR/TE,41.7
2024,48,MIN,ARI,QB,14.9
2024,48,MIN,ARI,RB,13.9
2024,48,MIN,ARI,WR/TE,44.5
2024,48,NE,IND,QB,19.16
2024,48,NE,IND,RB,33.6
2024,48,NE,IND,WR/TE,21.7
2024,48,NO,LA,QB,15.62
2024,48,NO,LA,RB,22.0
2024,48,NO,LA,WR/TE,36.6
2024,48,NYG,DAL,QB,11.8
2024,48,NYG,DAL,RB,20.4
2024,48,NYG,DAL,WR/TE,35.199999999999996
2024,48,NYJ,SEA,QB,10.44
2024,48,NYJ,SEA,RB,16.8
2024,48,NYJ,SEA,WR/TE,32.1
2024,48,PHI,BAL,QB,24.18
2024,48,PHI,BAL,RB,13.799999999999999
2024,48,PHI,BAL,WR/TE,47.4
2024,48,PIT,CIN,QB,18.96
2024,48,PIT,CIN,RB,20.599999999999998
2024,48,PIT,CIN,WR/TE,58.4
2024,48,SEA,NYJ,QB,17.7
2024,48,SEA,NYJ,RB,19.2
2024,48,SEA,NYJ,WR/TE,43.2
2024,48,SF,BUF,QB,27.22
2024,48,SF,BUF,RB,31.700000000000003
2024,48,SF,BUF,WR/TE,30.6
2024,48,TB,CAR,QB,30.12
2024,48,TB,CAR,RB,4.1
2024,48,TB,CAR,WR/TE,62.699999999999996
2024,48,TEN,WAS,QB,30.54
2024,48,TEN,WAS,RB,53.4
2024,48,TEN,WAS,WR/TE,50.4
2024,48,WAS,TEN,QB,14.68
2024,48,WAS,TEN,RB,7.1000000000000005
2024,48,WAS,TEN,WR/TE,34.4
2024,49,ARI,SEA,QB,13.32
2024,49,ARI,SEA,RB,40.699999999999996
2024,49,ARI,SEA,WR/TE,30.2
2024,49,ATL,MIN,QB,34.379999999999995
2024,49,ATL,MIN,RB,22.8
2024,49,ATL,MIN,WR/TE,102.3
2024,49,BUF,LA,QB,20.8
2024,49,BUF,LA,RB,27.4
2024,49,BUF,LA,WR/TE,61.099999999999994
2024,49,CAR,PHI,QB,24.22
2024,49,CAR,PHI,RB,17.3
2024,49,CAR,PHI,WR/TE,28.1
2024,49,CHI,SF,QB,19.7
2024,49,CHI,SF,RB,32.7
2024,49,CHI,SF,WR/TE,49.800000000000004
2024,49,CLE,DEN,QB,19.16
2024,49,CLE,DEN,RB,17.1
2024,49,CLE,DEN,WR/TE,56.5
2024,49,CLE,PIT,QB,16.02
2024,49,CLE,PIT,RB,29.700000000000003
2024,49,CLE,PIT,WR/TE,36.6
2024,49,DEN,CLE,QB,31.28
2024,49,DEN,CLE,RB,18.2
2024,49,DEN,CLE,WR/TE,78.8
2024,49,DET,GB,QB,12.54
2024,49,DET,GB,RB,25.6
2024,49,DET,GB,WR/TE,32.6
2024,49,GB,DET,QB,22.06
2024,49,GB,DET,RB,43.7
2024,49,GB,DET,WR/TE,45.6
2024,49,JAX,TEN,QB,7.02
2024,49,JAX,TEN,RB,16.2
2024,49,JAX,TEN,WR/TE,22.4
2024,49,KC,LAC,QB,14.92
2024,49,KC,LAC,RB,13.0
2024,49,KC,LAC,WR/TE,37.800000000000004
2024,49,LA,BUF,QB,51.78
2024,49,LA,BUF,RB,4.0
2024,49,LA,BUF,WR/TE,73.9
2024,49,LAC,KC,QB,36.5
2024,49,LAC,KC,RB,10.5
2024,49,LAC,KC,WR/TE,47.599999999999994
2024,49,LV,TB,QB,19.0
2024,49,LV,TB,RB,30.9
2024,49,LV,TB,WR/TE,45.6
2024,49,MIA,NYJ,QB,27.46
2024,49,MIA,NYJ,RB,24.3
2024,49,MIA,NYJ,WR/TE,64.8
2024,49,MIN,ATL,QB,9.76
2024,49,MIN,ATL,RB,47.7
2024,49,MIN,ATL,WR/TE,42.3
2024,49,NO,NYG,QB,12.98
2024,49,NO,NYG,RB,17.6
2024,49,NO,NYG,WR/TE,26.9
2024,49,NYG,NO,QB,24.76
2024,49,NYG,NO,RB,22.0
2024,49,NYG,NO,WR/TE,39.3
2024,49,NYJ,MIA,QB,21.54
2024,49,NYJ,MIA,RB,42.9
2024,49,NYJ,MIA,WR/TE,55.4
2024,49,PHI,CAR,QB,16.04
2024,49,PHI,CAR,RB,37.4
2024,49,PHI,CAR,WR/TE,34.0
2024,49,PIT,CLE,QB,15.64
2024,49,PIT,CLE,RB,12.9
2024,49,PIT,CLE,WR/TE,40.8
2024,49,SEA,ARI,QB,15.96
2024,49,SEA,ARI,RB,26.1
2024,49,SEA,ARI,WR/TE,34.8
2024,49,SF,CHI,QB,26.7
2024,49,SF,CHI,RB,7.4
2024,49,SF,CHI,WR/TE,39.6
2024,49,TB,LV,QB,10.899999999999999
2024,49,TB,LV,RB,10.4
2024,49,TB,LV,WR/TE,30.0
2024,49,TEN,JAX,QB,5.1
2024,49,TEN,JAX,RB,21.7
2024,49,TEN,JAX,WR/TE,29.7
2024,50,ARI,NE,QB,18.94
2024,50,ARI,NE,RB,14.3
2024,50,ARI,NE,WR/TE,29.5
2024,50,BAL,NYG,QB,16.36
2024,50,BAL,NYG,RB,15.6
2024,50,BAL,NYG,WR/TE,32.1
2024,50,BUF,DET,QB,40.46
2024,50,BUF,DET,RB,47.9
2024,50,BUF,DET,WR/TE,67.7
2024,50,CAR,DAL,QB,19.36
2024,50,CAR,DAL,RB,19.6
2024,50,CAR,DAL,WR/TE,57.7
2024,50,CIN,DAL,QB,13.82
2024,50,CIN,DAL,RB,15.7
2024,50,CIN,DAL,WR/TE,37.699999999999996
2024,50,CIN,TEN,QB,11.120000000000001
2024,50,CIN,TEN,RB,32.8
2024,50,CIN,TEN,WR/TE,40.5
2024,50,CLE,KC,QB,28.759999999999998
2024,50,CLE,KC,RB,10.600000000000001
2024,50,CLE,KC,WR/TE,53.7
2024,50,DAL,CAR,QB,14.860000000000001
2024,50,DAL,CAR,RB,13.700000000000001
2024,50,DAL,CAR,WR/TE,36.8
2024,50,DAL,CIN,QB,24.76
2024,50,DAL,CIN,RB,24.2
2024,50,DAL,CIN,WR/TE,56.9
2024,50,DEN,IND,QB,13.96
2024,50,DEN,IND,RB,26.7
2024,50,DEN,IND,WR/TE,18.7
2024,50,DET,BUF,QB,40.48
2024,50,DET,BUF,RB,36.900000000000006
2024,50,DET,BUF,WR/TE,48.5
2024,50,GB,SEA,QB,3.62
2024,50,GB,SEA,RB,15.0
2024,50,GB,SEA,WR/TE,25.6
2024,50,HOU,MIA,QB,3.88
2024,50,HOU,MIA,RB,20.5
2024,50,HOU,MIA,WR/TE,30.3
2024,50,IND,DEN,QB,16.6
2024,50,IND,DEN,RB,10.7
2024,50,IND,DEN,WR/TE,38.7
2024,50,JAX,NYJ,QB,28.6
2024,50,JAX,NYJ,RB,15.7
2024,50,JAX,NYJ,WR/TE,87.6
2024,50,KC,CLE,QB,0.86
2024,50,KC,CLE,RB,18.6
2024,50,KC,CLE,WR/TE,23.4
2024,50,LA,SF,QB,3.98
2024,50,LA,SF,RB,9.5
2024,50,LA,SF,WR/TE,17.7
2024,50,LAC,TB,QB,28.02
2024,50,LAC,TB,RB,27.1
2024,50,LAC,TB,WR/TE,54.5
2024,50,MIA,HOU,QB,11.24
2024,50,MIA,HOU,RB,7.9
2024,50,MIA,HOU,WR/TE,29.799999999999997
2024,50,NE,ARI,QB,16.18
2024,50,NE,ARI,RB,38.1
2024,50,NE,ARI,WR/TE,37.0
2024,50,NO,WAS,QB,29.7
2024,50,NO,WAS,RB,21.5
2024,50,NO,WAS,WR/TE,44.4
2024,50,NYG,BAL,QB,36.6
2024,50,NYG,BAL,RB,9.3
2024,50,NYG,BAL,WR/TE,86.0
2024,50,NYJ,JAX,QB,18.46
2024,50,NYJ,JAX,RB,14.9
2024,50,NYJ,JAX,WR/TE,71.36
2024,50,PHI,PIT,QB,9.22
2024,50,PHI,PIT,RB,8.7
2024,50,PHI,PIT,WR/TE,25.4
2024,50,PIT,PHI,QB,28.1
2024,50,PIT,PHI,RB,15.9
2024,50,PIT,PHI,WR/TE,46.2
2024,50,SEA,GB,QB,17.56
2024,50,SEA,GB,RB,22.5
2024,50,SEA,GB,WR/TE,40.0
2024,50,SF,LA,QB,8.2
2024,50,SF,LA,RB,15.2
2024,50,SF,LA,WR/TE,21.2
2024,50,TB,LAC,QB,13.96
2024,50,TB,LAC,RB,5.5
2024,50,TB,LAC,WR/TE,38.6
2024,50,TEN,CIN,QB,23.54
2024,50,TEN,CIN,RB,25.6
2024,50,TEN,CIN,WR/TE,42.3
2024,50,WAS,NO,QB,11.34
2024,50,WAS,NO,RB,19.6
2024,50,WAS,NO,WR/TE,38.44
2024,51,ARI,CAR,QB,38.02
2024,51,ARI,CAR,RB,57.5
2024,51,ARI,CAR,WR/TE,44.800000000000004
2024,51,ATL,LV,QB,11.12
2024,51,ATL,LV,RB,21.0
2024,51,ATL,LV,WR/TE,19.0
2024,51,ATL,NYG,QB,6.5
2024,51,ATL,NYG,RB,16.1
2024,51,ATL,NYG,WR/TE,26.299999999999997
2024,51,BAL,PIT,QB,13.38
2024,51,BAL,PIT,RB,27.8
2024,51,BAL,PIT,WR/TE,34.0
2024,51,BUF,NE,QB,17.4
2024,51,BUF,NE,RB,16.2
2024,51,BUF,NE,WR/TE,46.1
2024,51,CAR,ARI,QB,20.38
2024,51,CAR,ARI,RB,38.5
2024,51,CAR,ARI,WR/TE,18.0
2024,51,CHI,DET,QB,25.34
2024,51,CHI,DET,RB,50.5
2024,51,CHI,DET,WR/TE,58.8
2024,51,CHI,MIN,QB,11.24
2024,51,CHI,MIN,RB,34.8
2024,51,CHI,MIN,WR/TE,54.900000000000006
2024,51,CIN,CLE,QB,6.56
2024,51,CIN,CLE,RB,22.3
2024,51,CIN,CLE,WR/TE,18.0
2024,51,CLE,CIN,QB,21.88
2024,51,CLE,CIN,RB,12.399999999999999
2024,51,CLE,CIN,WR/TE,52.1
2024,51,DAL,TB,QB,20.56
2024,51,DAL,TB,RB,26.2
2024,51,DAL,TB,WR/TE,47.4
2024,51,DEN,LAC,QB,20.2
2024,51,DEN,LAC,RB,32.9
2024,51,DEN,LAC,WR/TE,40.0
2024,51,DET,CHI,QB,57.86
2024,51,DET,CHI,RB,7.5
2024,51,DET,CHI,WR/TE,62.300000000000004
2024,51,HOU,KC,QB,35.1
2024,51,HOU,KC,RB,17.9
2024,51,HOU,KC,WR/TE,48.9
2024,51,IND,TEN,QB,12.38
2024,51,IND,TEN,RB,25.099999999999998
2024,51,IND,TEN,WR/TE,41.8
2024,51,JAX,LV,QB,11.48
2024,51,JAX,LV,RB,30.6
2024,51,JAX,LV,WR/TE,24.8
2024,51,KC,HOU,QB,16.16
2024,51,KC,HOU,RB,8.0
2024,51,KC,HOU,WR/TE,46.0
2024,51,LA,NYJ,QB,14.34
2024,51,LA,NYJ,RB,14.2
2024,51,LA,NYJ,WR/TE,54.6
2024,51,LAC,DEN,QB,29.82
2024,51,LAC,DEN,RB,19.6
2024,51,LAC,DEN,WR/TE,56.5
2024,51,LV,ATL,QB,6.48
2024,51,LV,ATL,RB,32.3
2024,51,LV,ATL,WR/TE,21.2
2024,51,LV,JAX,QB,13.88
2024,51,LV,JAX,RB,15.6
2024,51,LV,JAX,WR/TE,53.28
2024,51,MIA,SF,QB,21.12
2024,51,MIA,SF,RB,3.0
2024,51,MIA,SF,WR/TE,59.4
2024,51,MIN,CHI,QB,38.44
2024,51,MIN,CHI,RB,11.0
2024,51,MIN,CHI,WR/TE,47.0
2024,51,MIN,SEA,QB,21.259999999999998
2024,51,MIN,SEA,RB,15.7
2024,51,MIN,SEA,WR/TE,54.2
2024,51,NE,BUF,QB,11.16
2024,51,NE,BUF,RB,30.900000000000002
2024,51,NE,BUF,WR/TE,21.2
2024,51,NYG,ATL,QB,6.38
2024,51,NYG,ATL,RB,50.2
2024,51,NYG,ATL,WR/TE,26.7
2024,51,NYJ,LA,QB,6.0
2024,51,NYJ,LA,RB,21.7
2024,51,NYJ,LA,WR/TE,22.8
2024,51,PHI,WAS,QB,55.92
2024,51,PHI,WAS,RB,6.1
2024,51,PHI,WAS,WR/TE,59.6
2024,51,PIT,BAL,QB,20.48
2024,51,PIT,BAL,RB,20.1
2024,51,PIT,BAL,WR/TE,48.900000000000006
2024,51,SEA,MIN,QB,22.94
2024,51,SEA,MIN,RB,11.4
2024,51,SEA,MIN,WR/TE,80.89999999999999
2024,51,SF,MIA,QB,12.5
2024,51,SF,MIA,RB,45.3
2024,51,SF,MIA,WR/TE,27.599999999999998
2024,51,TB,DAL,QB,15.32
2024,51,TB,DAL,RB,12.7
2024,51,TB,DAL,WR/TE,45.1
2024,51,TEN,IND,QB,20.24
2024,51,TEN,IND,RB,84.3
2024,51,TEN,IND,WR/TE,22.6
2024,51,WAS,PHI,QB,11.559999999999999
2024,51,WAS,PHI,RB,28.6
2024,51,WAS,PHI,WR/TE,27.799999999999997
2024,52,ARI,LA,QB,9.16
2024,52,ARI,LA,RB,14.7
2024,52,ARI,LA,WR/TE,24.299999999999997
2024,52,ATL,WAS,QB,52.48
2024,52,ATL,WAS,RB,27.7
2024,52,ATL,WAS,WR/TE,48.8
2024,52,BAL,HOU,QB,6.34
2024,52,BAL,HOU,RB,6.2
2024,52,BAL,HOU,WR/TE,27.0
2024,52,BUF,NYJ,QB,15.12
2024,52,BUF,NYJ,RB,12.6
2024,52,BUF,NYJ,WR/TE,58.42
2024,52,CAR,TB,QB,34.36
2024,52,CAR,TB,RB,31.2
2024,52,CAR,TB,WR/TE,68.7
2024,52,CHI,SEA,QB,8.3
2024,52,CHI,SEA,RB,13.7
2024,52,CHI,SEA,WR/TE,19.1
2024,52,CIN,DEN,QB,22.86
2024,52,CIN,DEN,RB,13.799999999999999
2024,52,CIN,DEN,WR/TE,48.3
2024,52,CLE,MIA,QB,24.2
2024,52,CLE,MIA,RB,23.2
2024,52,CLE,MIA,WR/TE,34.0
2024,52,DAL,PHI,QB,26.919999999999998
2024,52,DAL,PHI,RB,19.099999999999998
2024,52,DAL,PHI,WR/TE,42.1
2024,52,DEN,CIN,QB,36.6
2024,52,DEN,CIN,RB,15.899999999999999
2024,52,DEN,CIN,WR/TE,71.1
2024,52,GB,MIN,QB,22.78
2024,52,GB,MIN,RB,31.0
2024,52,GB,MIN,WR/TE,71.9
2024,52,GB,NO,QB,8.620000000000001
2024,52,GB,NO,RB,10.600000000000001
2024,52,GB,NO,WR/TE,16.8
2024,52,HOU,BAL,QB,30.060000000000002
2024,52,HOU,BAL,RB,23.8
2024,52,HOU,BAL,WR/TE,35.14
2024,52,IND,NYG,QB,34.62
2024,52,IND,NYG,RB,12.100000000000001
2024,52,IND,NYG,WR/TE,59.6
2024,52,JAX,TEN,QB,12.02
2024,52,JAX,TEN,RB,13.5
2024,52,JAX,TEN,WR/TE,34.2
2024,52,KC,PIT,QB,15.600000000000001
2024,52,KC,PIT,RB,32.199999999999996
2024,52,KC,PIT,WR/TE,19.7
2024,52,LA,ARI,QB,16.04
2024,52,LA,ARI,RB,12.600000000000001
2024,52,LA,ARI,WR/TE,50.8
2024,52,LAC,NE,QB,10.3
2024,52,LAC,NE,RB,5.8999999999999995
2024,52,LAC,NE,WR/TE,24.0
2024,52,LV,NO,QB,22.92
2024,52,LV,NO,RB,9.3
2024,52,LV,NO,WR/TE,34.9
2024,52,MIA,CLE,QB,3.8
2024,52,MIA,CLE,RB,13.399999999999999
2024,52,MIA,CLE,WR/TE,26.0
2024,52,MIN,GB,QB,12.0
2024,52,MIN,GB,RB,19.8
2024,52,MIN,GB,WR/TE,34.0
2024,52,NE,LAC,QB,25.740000000000002
2024,52,NE,LAC,RB,21.2
2024,52,NE,LAC,WR/TE,56.1
2024,52,NO,GB,QB,12.64
2024,52,NO,GB,RB,39.8
2024,52,NO,GB,WR/TE,33.1
2024,52,NO,LV,QB,17.62
2024,52,NO,LV,RB,21.2
2024,52,NO,LV,WR/TE,40.8
2024,52,NYG,IND,QB,15.3
2024,52,NYG,IND,RB,54.7
2024,52,NYG,IND,WR/TE,54.4
2024,52,NYJ,BUF,QB,29.14
2024,52,NYJ,BUF,RB,14.8
2024,52,NYJ,BUF,WR/TE,64.5
2024,52,PHI,DAL,QB,6.22
2024,52,PHI,DAL,RB,9.5
2024,52,PHI,DAL,WR/TE,31.1
2024,52,PIT,KC,QB,29.4
2024,52,PIT,KC,RB,10.4
2024,52,PIT,KC,WR/TE,67.5
2024,52,SEA,CHI,QB,18.119999999999997
2024,52,SEA,CHI,RB,10.6
2024,52,SEA,CHI,WR/TE,23.5
2024,52,TB,CAR,QB,20.68
2024,52,TB,CAR,RB,3.1
2024,52,TB,CAR,WR/TE,40.9
2024,52,TEN,JAX,QB,16.86
2024,52,TEN,JAX,RB,15.3
2024,52,TEN,JAX,WR/TE,54.56
2024,52,WAS,ATL,QB,11.22
2024,52,WAS,ATL,RB,48.5
2024,52,WAS,ATL,WR/TE,36.9
